team,SUM of FGA_2,SUM of FGM_2,SUM of FGA_3,SUM of FGM_3,SUM of FTA,SUM of FTM,SUM of AST,SUM of BLK,SUM of STL,SUM of TOV,SUM of TOV_team,SUM of DREB,SUM of OREB,SUM of F_tech,SUM of F_personal,SUM of WIN,COUNT of matches
,0,0,0,0,0,0,0,0,0,0,0,0,0,0,0,0,0
abilene_christian_wildcats,1773,766,811,287,524,397,483,58,230,430,18,678,343,8,479,17,30
academy_of_art_urban_knights,126,41,49,8,21,10,21,11,18,29,3,47,24,0,33,0,2
agnes_scott_college_scotties,101,20,24,4,13,6,10,4,9,76,3,41,20,0,23,0,2
air_force_falcons,1897,723,527,156,436,322,397,64,346,408,35,676,385,3,551,18,31
akron_zips,1624,695,525,168,475,330,403,99,200,418,14,714,286,4,436,17,28
alabama_am_bulldogs,1388,510,301,79,438,306,264,111,146,391,20,632,317,1,403,12,24
alabama_crimson_tide,1775,736,696,233,581,411,336,90,267,456,21,759,361,3,507,17,30
alabama_huntsville_chargers,58,20,17,3,20,14,11,1,4,28,1,18,12,0,16,0,1
alabama_state_lady_hornets,1711,662,427,127,586,406,399,116,205,593,34,749,410,7,608,15,29
alcorn_state_lady_braves,752,248,281,83,210,134,129,22,94,287,12,277,129,5,321,1,14
alderson_broaddus_battlers,55,21,25,9,12,5,13,2,5,29,4,30,14,0,24,0,1
american_university_eagles,1662,701,468,128,465,331,441,74,261,485,29,727,261,0,475,23,31
angelo_state_rams,54,16,16,3,21,18,10,0,5,20,2,24,12,0,12,0,1
antelope_valley,179,31,87,16,50,30,22,4,20,66,0,78,35,0,44,0,3
app_state_mountaineers,1519,621,690,195,455,291,318,66,234,491,23,671,275,3,447,14,25
arizona_christian_firestorm,45,17,13,4,20,10,5,0,9,41,2,25,7,0,12,0,1
arizona_state_sun_devils,1506,582,531,163,428,318,334,97,188,383,24,611,344,5,460,12,26
arizona_wildcats,1511,660,483,167,415,294,374,104,273,337,21,576,276,3,445,19,26
arkansas_baptist_buffaloes,53,11,13,3,7,2,6,0,6,27,0,22,2,0,12,0,1
arkansas_pine_bluff_golden_lions,1561,618,489,140,524,364,348,78,204,395,8,696,337,4,437,12,25
arkansas_razorbacks,1962,805,787,254,627,422,395,154,228,350,13,831,344,2,510,18,31
arkansas_state_red_wolves,1842,776,626,207,573,413,404,59,256,416,10,723,383,3,547,12,28
arlington_baptist_patriots,223,59,46,10,33,18,39,3,14,120,5,70,36,0,48,0,4
army_black_knights,1790,674,682,199,434,294,325,70,192,500,22,760,426,0,468,16,29
asbury_eagles,73,15,48,8,2,2,7,3,6,14,0,25,14,0,16,0,1
auburn_montgomery_senators,87,36,26,6,19,10,18,4,5,51,6,53,12,0,33,0,2
auburn_tigers,1677,648,386,110,570,378,314,96,237,419,22,662,351,4,520,10,28
austin_peay_governors,1583,722,506,188,526,350,409,64,217,486,29,734,296,4,531,19,30
ave_maria_gyrenes,155,49,28,7,55,38,18,12,17,92,3,92,30,0,45,0,3
baker_university_baker,47,14,12,3,16,13,8,6,4,21,2,22,5,0,12,0,1
ball_state_cardinals,1883,818,842,270,458,323,489,99,239,425,24,803,282,0,512,19,31
baylor_bears,2016,927,631,221,638,466,581,130,221,416,8,929,369,11,485,27,33
bellarmine_knights,1636,619,582,189,383,275,331,77,189,511,17,653,286,5,505,4,28
belmont_abbey_crusaders,46,14,17,4,14,8,7,2,8,25,1,20,6,0,15,0,1
belmont_bruins,1693,740,746,245,418,290,449,127,259,372,13,697,320,0,426,22,29
bethel_tn_wildcats,43,13,19,3,23,17,8,2,4,16,1,22,4,0,24,0,1
bethesda_university_lion_angels,93,16,37,7,16,8,13,2,8,72,6,38,18,0,25,0,2
bethune_cookman_wildcats,1447,543,331,92,482,304,247,60,213,507,29,597,300,9,451,5,25
binghamton_bearcats,1563,621,484,141,343,251,350,85,192,445,11,712,244,2,442,9,28
biola_eagles,56,25,16,4,7,7,9,1,8,21,2,25,5,0,10,0,1
blackburn_beavers,54,16,30,6,18,14,5,0,14,34,0,20,7,0,18,0,1
blue_mountain_college_toppers,56,16,27,7,14,11,10,1,6,18,0,21,13,0,18,0,1
bluefield_state_big_blues,97,24,49,12,26,15,17,4,10,44,2,39,17,0,24,0,2
bob_jones,44,9,22,5,19,13,3,0,10,30,3,15,7,0,13,0,1
boise_state_broncos,1723,681,440,118,499,320,397,112,162,466,14,793,374,0,482,8,29
boston_college_eagles,1802,812,540,181,520,359,481,107,249,566,15,734,386,1,511,19,30
boston_university_terriers,1757,743,565,192,390,259,376,135,184,499,27,837,334,2,466,17,31
bowie_state_bulldogs,41,11,9,2,18,5,4,3,5,30,2,25,12,0,24,0,1
bowling_green_falcons,1763,791,622,236,511,363,454,52,274,463,17,761,276,5,506,15,30
bradley_braves,1511,550,610,199,411,278,313,99,138,390,28,680,260,0,454,4,27
brevard_tornados,57,15,21,2,6,5,6,2,8,31,2,15,11,0,15,0,1
brewton_parker_wildcats,61,14,23,1,22,11,4,3,4,18,0,27,16,0,16,0,1
briar_cliff_chargers,54,12,21,6,10,5,6,1,7,25,1,22,10,0,16,0,1
brown_bears,1489,549,580,158,320,217,280,86,252,443,23,647,236,0,397,6,26
bryant_bulldogs,1742,672,462,160,427,303,423,87,212,616,28,789,366,5,491,10,32
bryn_athyn_lions,56,9,28,4,10,6,4,0,8,19,1,14,14,0,13,0,1
bucknell_bison,1809,747,506,170,469,334,420,107,233,384,15,848,267,2,433,23,32
buffalo_bulls,2172,936,577,187,617,451,491,131,314,461,15,921,465,12,462,25,33
bushnell_beacons,44,17,16,5,8,3,8,2,4,28,1,29,4,0,11,0,1
butler_bulldogs,1509,587,601,158,328,224,319,55,138,556,27,674,260,0,403,1,28
byu_cougars,1759,827,598,198,381,286,557,128,266,337,15,726,361,2,427,24,27
cal_lutheran_kingsmen,59,15,12,2,9,4,6,1,9,32,3,27,17,0,23,0,1
cal_poly_mustangs,1514,553,377,91,353,234,306,50,149,397,18,665,288,1,466,3,25
cal_state_bakersfield_roadrunners,1433,542,480,140,404,306,272,62,180,364,22,589,285,2,460,5,25
cal_state_fullerton_titans,1600,642,462,124,494,341,358,83,218,465,23,704,301,1,502,11,29
cal_state_la_golden_eagles,137,42,58,11,25,15,20,2,11,29,4,43,33,0,26,0,2
cal_state_northridge_matadors,1528,579,454,150,432,295,301,57,290,461,38,644,268,0,515,9,28
caldwell_cougars,54,13,23,5,10,6,9,2,9,22,0,19,11,0,12,0,1
california_baptist_lancers,1918,852,863,269,462,316,577,131,287,443,9,915,243,5,537,22,30
california_golden_bears,1444,579,419,138,442,347,322,105,204,364,15,596,303,8,440,11,24
campbell_fighting_camels,1600,681,661,217,429,292,454,101,246,463,23,680,330,1,425,22,29
campbellsville_harrodsburg_pioneers,64,20,17,3,24,20,3,3,16,23,1,25,14,0,22,0,1
canisius_golden_griffins,1681,617,760,243,380,245,304,102,193,539,35,665,322,2,459,5,30
carroll_mt_fighting_saints,113,40,44,18,36,28,23,9,9,27,3,52,24,0,30,0,2
carver_college_cougars,49,6,18,2,6,1,2,1,3,49,4,15,13,0,20,0,1
centenary_la_gentlemen,113,31,32,8,35,19,18,4,18,41,1,38,24,0,31,0,2
central_arkansas_sugar_bears,1505,567,234,58,458,317,287,61,183,512,37,708,336,2,478,9,28
central_baptist_college_mustangs,107,27,30,5,30,25,10,3,12,54,2,55,30,0,44,0,2
central_christian_college_central_christian_college,46,19,27,11,5,3,11,0,4,24,5,13,2,0,15,0,1
central_connecticut_blue_devils,1537,561,568,174,324,220,266,102,161,412,16,598,291,5,439,6,26
central_michigan_chippewas,1637,610,682,186,371,265,316,63,163,465,26,708,299,0,485,4,28
chadron_state_eagles,53,21,15,4,6,2,10,2,5,14,0,18,5,0,11,0,1
champion_christian_tigers,233,69,95,23,88,59,37,10,32,83,1,98,43,1,72,0,4
charleston_cougars,2082,827,755,218,490,373,431,123,340,398,8,734,430,2,453,17,30
charleston_southern_buccaneers,1480,525,524,140,324,197,292,96,181,604,32,687,227,0,482,2,28
charlotte_49ers,1779,699,537,156,576,418,363,146,207,458,25,839,340,1,475,22,31
chattanooga_mocs,1624,625,594,171,466,335,348,76,166,478,24,721,262,0,480,7,29
chestnut_hill_college_griffins,57,17,14,3,18,11,10,1,2,24,2,24,9,0,18,0,1
chicago_state_cougars,1382,488,349,90,436,285,195,73,198,450,21,542,324,1,527,2,24
chowan_hawks,64,19,14,3,19,12,7,5,1,27,0,33,16,0,18,0,1
cincinnati_bearcats,1600,599,451,134,474,342,400,136,228,493,23,679,311,3,549,11,28
claflin_panthers,129,40,36,14,26,19,18,7,20,50,2,55,29,0,37,0,2
clarion_golden_eagles,107,32,48,9,30,19,13,4,9,30,2,50,15,0,23,0,2
clemson_tigers,1781,701,505,138,500,355,313,101,263,472,21,655,399,6,498,10,29
cleveland_state_vikings,1588,649,522,162,615,435,319,113,261,433,25,741,363,5,405,19,27
coastal_carolina_chanticleers,1495,633,413,120,488,339,324,75,200,460,17,705,402,3,461,14,24
coker_cobras,59,16,22,5,23,14,8,4,8,16,0,28,16,0,18,1,1
colgate_raiders,1622,618,500,144,315,237,321,77,170,498,32,682,284,4,470,6,30
college_of_st_mary_flames,55,18,29,9,18,12,11,4,10,25,2,22,8,0,17,0,1
colorado_buffaloes,1728,712,574,174,532,363,421,108,323,430,19,727,364,3,519,22,30
colorado_christian_cougars,126,38,53,16,17,12,20,2,8,35,1,54,27,0,28,0,2
colorado_colorado_springs_mountain_lions,58,20,9,3,10,6,10,2,14,26,2,25,13,0,14,0,1
colorado_mesa_mavericks,66,19,25,9,6,3,15,2,7,16,1,24,20,1,10,0,1
colorado_state_rams,1934,811,693,242,452,350,458,100,150,306,11,983,226,1,373,21,32
columbia_international_columbia_intl,41,15,20,6,6,4,8,2,6,31,2,20,4,0,10,0,1
columbia_lions,1687,698,692,218,497,311,453,114,197,492,13,819,373,2,475,22,28
connecticut_college_camels,61,13,27,6,10,4,7,2,10,18,1,18,11,0,8,0,1
converse,56,21,17,7,13,9,15,5,9,30,0,18,10,0,25,0,1
coppin_state_eagles,1539,543,539,136,546,381,277,89,193,395,17,735,283,4,423,13,26
cornell_big_red,1329,473,398,106,383,240,308,78,175,445,27,552,330,4,406,9,24
creighton_bluejays,1771,811,809,298,344,250,606,83,218,371,13,732,309,1,456,20,29
cs_dominguez_hills_toros,53,18,27,9,32,22,8,2,4,15,0,28,16,0,17,0,1
csu_pueblo_thunderwolves,121,36,53,15,14,11,17,13,11,18,0,57,16,0,39,0,2
cumberland_ky_indians,124,45,48,10,47,28,21,4,15,28,2,42,25,2,53,0,2
dakota_wesleyan_tigers,61,21,12,1,0,0,12,1,5,17,1,19,11,0,16,0,1
dartmouth_big_green,1433,458,540,139,263,167,238,57,166,477,25,628,293,1,409,3,26
davidson_wildcats,1714,704,601,182,381,288,349,77,180,453,16,694,336,4,527,16,30
davis_elkins_senators,53,10,32,3,8,4,5,1,2,15,2,22,7,0,18,0,1
dayton_flyers,1552,629,442,151,446,302,343,106,158,330,11,768,329,4,403,22,26
delaware_blue_hens,2023,793,481,145,590,422,359,109,234,418,7,816,516,2,484,23,30
delaware_state_hornets,1084,368,287,65,338,221,171,33,96,489,40,541,205,5,276,0,22
denver_pioneers,1654,638,712,211,489,373,357,152,178,444,28,741,260,4,467,10,29
depaul_blue_demons,2414,1090,802,277,482,368,595,114,318,443,9,805,488,0,483,22,32
detroit_mercy_titans,1514,566,339,93,416,269,296,64,244,534,15,649,310,2,482,1,27
dickinson_state_nd_blue_hawks,44,16,20,2,10,8,8,0,4,29,1,17,6,0,24,0,1
drake_bulldogs,1787,815,725,236,507,374,567,128,217,530,17,894,331,0,451,18,30
drexel_dragons,1844,789,514,157,387,298,518,91,229,344,22,746,367,3,434,26,31
duke_blue_devils,1785,731,647,201,435,288,413,123,200,495,13,783,385,1,441,17,30
duquesne_dukes,1675,672,666,214,425,293,429,82,218,420,31,723,298,1,467,11,29
east_carolina_pirates,1724,633,432,112,523,317,361,138,308,479,24,626,414,9,525,11,28
east_stroudsburg_university_warriors,52,13,15,4,9,5,7,0,4,32,3,27,12,0,14,0,1
east_tennessee_state_bucs,1571,551,606,175,325,219,292,81,204,397,13,658,256,0,454,6,27
eastern_illinois_panthers,1799,750,532,169,487,369,469,43,330,474,18,702,343,0,529,16,30
eastern_kentucky_colonels,1876,726,520,151,641,474,375,122,284,548,12,788,411,7,545,15,31
eastern_michigan_eagles,1634,637,501,142,452,312,251,82,226,366,11,659,310,5,433,6,26
eastern_washington_eagles,1849,656,683,204,448,314,363,67,265,420,9,783,331,0,496,9,30
ecclesia_royals,45,10,13,2,25,17,6,0,6,27,0,20,4,0,7,0,1
edward_waters_tigers,126,42,41,6,49,32,18,4,23,40,1,43,35,0,39,0,2
elon_phoenix,1621,647,563,171,462,343,365,100,210,491,36,665,337,0,501,17,29
emory_henry_wasps,114,33,42,9,19,12,16,4,18,42,3,46,17,0,31,0,2
erskine_flying_fleet,131,24,68,7,49,22,9,8,26,71,16,56,23,0,37,0,3
evansville_purple_aces,1799,684,602,169,623,445,336,97,241,483,7,729,307,2,580,8,30
evergreen_state_geoducks,114,33,28,5,28,16,20,10,11,39,2,45,17,0,21,0,2
fairfield_stags,1788,759,538,185,418,314,444,76,244,351,12,761,279,1,387,25,31
fairleigh_dickinson_knights,1670,663,545,172,485,349,383,83,181,437,15,808,314,5,469,19,30
faulkner_eagles,48,16,22,7,15,12,9,1,3,23,5,27,11,0,12,0,1
fisher_college_eagles,143,32,46,9,24,19,16,3,12,89,2,65,16,0,42,0,3
florida_am_rattlers,1295,436,426,111,372,247,221,29,144,483,39,548,295,0,413,2,23
florida_atlantic_owls,1578,597,553,150,483,355,330,59,165,460,22,739,303,0,442,5,29
florida_gators,1922,785,546,171,520,383,391,105,275,521,14,836,383,5,605,21,31
florida_gulf_coast_eagles,1844,809,1049,346,446,294,513,95,301,327,23,742,269,0,441,27,29
florida_international_panthers,1750,681,652,190,513,368,342,75,286,509,31,650,366,0,600,14,30
florida_memorial_lions,171,63,55,15,55,34,23,5,28,67,6,79,22,2,66,0,3
florida_national_conquistadors,49,12,14,4,12,7,6,2,11,28,0,17,4,0,19,0,1
florida_state_seminoles,1601,702,423,134,455,320,411,127,178,436,11,717,300,5,446,17,28
fordham_rams,1686,654,633,192,332,239,384,69,208,370,20,639,339,1,421,18,28
fort_valley_state_wildcats,67,25,19,2,30,19,8,2,12,30,2,20,18,0,23,0,1
freed_hardeman_lions,58,29,11,4,15,9,11,2,10,13,2,22,10,0,11,1,1
fresno_state_bulldogs,1757,733,598,217,442,328,377,65,186,338,19,761,283,4,419,11,29
frostburg_state_bobcats,58,19,18,9,19,12,6,0,3,23,2,18,7,0,17,0,1
furman_paladins,1652,621,548,166,484,363,356,60,184,419,21,710,427,3,403,17,27
gardner_webb_runnin_bulldogs,1923,786,625,183,606,425,372,137,269,492,17,747,370,7,596,16,31
george_mason_patriots,1650,602,528,147,514,350,309,74,166,456,20,745,309,1,463,10,29
george_washington_revolutionaries,1702,585,514,138,414,245,288,54,221,440,20,736,402,0,471,13,30
georgetown_hoyas,1672,644,524,152,441,303,369,109,232,525,21,741,346,0,488,10,29
georgia_lady_bulldogs,1753,764,299,94,430,317,457,174,240,451,16,756,379,4,419,19,28
georgia_southern_eagles,1772,739,517,158,560,394,347,103,274,498,20,768,437,0,493,16,26
georgia_state_panthers,1568,611,520,148,491,312,303,74,240,415,13,635,269,7,525,10,26
georgia_tech_yellow_jackets,1762,715,549,171,445,295,475,135,184,433,17,857,350,2,413,21,31
gettysburg_bullets,50,12,18,2,13,7,6,3,5,22,0,24,8,0,26,0,1
gonzaga_bulldogs,1842,798,599,212,531,410,472,128,251,475,25,847,453,4,496,26,32
grace_christian_university_tigers,53,14,20,4,17,13,4,0,8,29,0,12,9,0,14,0,1
graceland_university_graceland,49,13,7,0,12,8,6,4,2,32,1,30,7,0,13,0,1
grambling_lady_tigers,1239,454,366,95,350,237,228,59,164,349,12,434,236,4,409,4,21
grand_canyon_lopes,1801,698,558,171,520,365,352,76,374,504,21,656,412,2,612,21,30
green_bay_phoenix,1486,581,580,183,334,262,371,65,185,354,21,649,269,0,386,19,26
greenville_panthers,70,24,18,6,4,2,17,2,5,24,0,31,16,0,13,0,1
hampton_lady_pirates,1597,593,338,91,560,363,291,54,244,432,22,650,316,3,495,12,28
harris_stowe_state_hornets,54,13,9,3,41,28,5,2,10,22,0,21,18,0,23,0,1
hartford_hawks,1666,606,608,182,361,228,332,76,210,619,26,710,321,2,489,4,30
harvard_crimson,1841,721,746,245,342,228,412,71,291,335,10,613,382,0,463,13,27
haskell_jayhawks,61,17,20,1,10,3,12,1,10,19,1,26,5,0,17,0,1
hawaii_rainbow_wahine,1542,626,615,205,584,412,350,84,219,447,23,740,300,3,487,20,29
hendrix_college_warriors,125,29,54,13,22,12,16,1,10,33,0,44,23,0,24,0,2
high_point_panthers,1691,664,737,209,451,304,388,51,258,348,12,772,193,3,464,17,29
hofstra_pride,1509,552,385,87,390,243,301,42,247,501,32,633,305,3,484,8,28
holy_cross_crusaders,1705,684,561,175,383,260,391,80,194,468,8,799,347,4,393,20,30
holy_names_university_hawks,35,9,15,5,8,7,5,0,6,33,5,18,4,0,5,0,1
houston_christian_huskies,1383,482,450,143,421,330,279,98,202,405,19,618,264,1,385,15,25
houston_cougars,1898,727,586,179,500,326,399,145,316,484,19,732,419,3,545,16,31
howard_bison,1417,521,434,112,474,313,276,84,218,395,7,605,333,2,411,15,23
howard_payne_yellow_jackets,106,25,48,11,33,20,12,2,7,48,0,40,25,0,37,0,2
huston_tillotson_rams,113,30,30,5,32,23,11,7,16,51,4,44,27,0,35,0,2
idaho_state_bengals,1861,768,625,192,362,269,474,83,275,428,14,707,354,1,513,19,30
idaho_vandals,2036,782,894,281,460,346,459,81,193,406,14,908,282,1,452,14,32
illinois_fighting_illini,1609,640,494,157,456,301,339,92,181,454,10,674,317,2,414,7,27
illinois_state_redbirds,1644,722,474,160,544,413,337,101,166,415,18,772,265,1,478,18,31
immaculata_mighty_macs,61,14,21,3,18,10,6,0,9,19,0,24,14,0,9,0,1
incarnate_word_cardinals,1618,609,463,121,498,342,306,81,242,493,30,677,353,1,478,13,29
indiana_hoosiers,1773,796,450,149,551,413,425,102,199,392,9,806,283,1,464,22,30
indiana_state_sycamores,1811,768,432,136,447,312,389,58,312,523,32,668,382,7,616,11,31
iona_gaels,1390,575,484,141,272,168,361,66,200,461,14,599,226,0,399,11,26
iowa_hawkeyes,1843,930,627,220,541,455,584,96,210,446,10,890,262,3,469,23,30
iowa_state_cyclones,1944,850,855,333,517,427,457,119,172,409,15,937,334,1,408,26,32
iu_indianapolis_jaguars,1581,726,609,223,399,297,419,82,158,440,30,788,301,0,349,24,28
jackson_state_lady_tigers,1768,791,377,116,662,458,392,135,238,427,9,832,439,3,436,21,27
jacksonville_dolphins,1531,586,417,111,461,319,282,106,272,439,18,616,285,9,500,15,27
jacksonville_state_gamecocks,1812,716,616,184,488,338,304,29,200,345,15,762,367,1,461,22,29
james_madison_dukes,1690,644,537,151,551,404,266,74,172,456,14,784,375,9,477,14,29
jamestown_jimmies,53,14,19,4,6,4,6,1,8,23,0,23,7,0,18,0,1
jarvis_christian_bulldogs,158,51,58,14,81,52,21,6,12,62,1,76,31,0,69,0,3
jessup_university_warriors,56,12,28,8,2,1,8,3,8,25,4,18,5,0,11,0,1
john_carroll_blue_streaks,48,15,11,4,12,6,10,4,4,28,1,23,8,0,15,0,1
johnson_university_fl_suns,41,14,14,6,4,2,6,1,4,39,0,9,1,0,15,0,1
johnson_wales_nc_wildcats,67,12,30,5,7,5,6,3,5,29,1,30,8,0,24,0,1
kansas_city_roos,1869,806,637,226,512,395,456,83,204,448,23,817,372,0,493,23,31
kansas_jayhawks,1688,732,482,162,607,458,376,167,239,503,6,854,291,3,483,20,29
kansas_state_wildcats,1838,757,597,171,515,389,529,165,234,422,10,827,307,3,484,19,31
kansas_wesleyan_coyotes,58,21,15,4,8,8,7,2,9,16,0,22,5,0,10,0,1
kennesaw_state_owls,1537,607,418,127,450,298,297,64,205,434,19,619,299,1,473,9,27
kent_state_golden_flashes,1722,706,684,236,470,343,363,81,173,412,22,773,352,4,447,18,29
kentucky_state_thorobreds,164,67,43,13,47,21,43,6,31,87,2,79,25,0,68,0,3
kentucky_wildcats,1912,829,526,177,488,340,474,169,239,419,14,737,384,2,479,19,30
king_tn_tornado,51,19,14,2,16,16,4,3,10,23,4,27,7,0,16,0,1
kings_pa_monarchs,61,19,36,12,6,5,14,0,3,18,1,24,9,0,13,0,1
la_salle_explorers,1669,640,750,237,422,313,394,82,260,404,13,635,314,5,457,16,28
lafayette_leopards,1662,653,430,117,316,213,326,114,165,492,30,775,329,4,424,12,30
lagrange_panthers,57,13,22,4,21,15,5,4,6,15,1,23,8,0,12,0,1
lake_erie_storm,71,26,23,6,4,2,9,1,5,17,0,26,15,0,12,0,1
lamar_cardinals,1515,616,468,168,511,347,369,69,201,447,20,679,304,3,458,14,28
lee_flames,51,14,22,7,6,4,11,0,7,16,0,14,7,0,15,0,1
lees_mcrae_bobcats,95,30,18,3,29,17,14,0,23,56,3,40,14,0,39,0,2
lehigh_mountain_hawks,1868,765,877,283,346,257,462,131,211,413,16,874,300,0,366,19,30
lenoir_rhyne_bears,95,32,28,7,29,20,12,7,17,49,3,44,16,0,29,0,2
lewis_clark_st_warriors,61,16,15,2,17,12,6,1,3,18,2,35,7,0,8,0,1
liberty_flames,1688,768,529,168,452,306,491,114,174,463,23,871,391,1,495,27,30
life_pacific,141,41,40,8,21,9,11,1,7,22,0,46,18,0,16,0,2
life_university_running_eagles,115,36,30,8,43,26,12,4,7,37,3,61,22,0,31,0,2
lindenwood_lions,44,11,21,4,11,4,9,1,5,29,0,20,5,0,18,0,1
lipscomb_bisons,1684,655,682,216,365,261,323,98,151,465,25,808,253,5,526,10,30
little_rock_trojans,1589,641,374,109,381,253,361,89,208,423,15,663,324,3,477,17,27
lock_haven_university_bald_eagles,46,19,14,5,11,5,13,2,7,28,2,17,12,0,10,0,1
long_beach_state_beach,1551,621,501,135,425,298,378,86,320,367,13,572,260,0,426,19,27
long_island_university_sharks,1607,568,512,163,331,201,287,102,229,473,13,613,370,1,504,9,27
longwood_lancers,1986,831,686,213,552,414,455,156,331,548,20,781,389,1,576,21,32
louisiana_christian_university_wildcats,52,13,22,3,10,7,10,4,9,31,0,28,11,0,21,0,1
louisiana_christian_wildcats,49,17,30,9,22,15,7,0,7,19,0,24,9,0,29,0,1
louisiana_ragin_cajuns,1387,631,301,88,469,322,232,63,180,362,18,682,214,2,400,18,25
louisiana_tech_lady_techsters,1817,787,391,124,610,464,374,90,268,454,17,795,325,2,475,21,32
louisville_cardinals,1797,822,487,178,376,271,460,128,278,419,8,752,378,12,462,25,29
loyola_chicago_ramblers,1686,670,545,163,412,289,385,117,189,428,25,826,297,3,462,18,30
loyola_maryland_greyhounds,1517,588,385,118,362,265,325,25,191,472,40,648,294,1,459,5,29
loyola_marymount_lions,1567,629,484,139,448,314,352,66,219,532,31,690,284,2,447,10,29
loyola_new_orleans_wolfpack,54,16,13,0,19,12,7,2,9,20,0,29,12,0,16,0,1
lsu_alexandria_generals,63,19,25,9,4,1,15,0,10,24,1,19,11,0,12,0,1
lsu_shreveport_pilots,139,40,56,15,36,26,21,8,17,79,1,58,21,6,47,0,3
lsu_tigers,1792,803,285,96,550,366,397,115,231,383,15,840,379,3,406,23,28
maine_black_bears,1743,713,646,189,308,208,449,84,270,414,21,724,285,1,478,20,31
manchester_spartans,39,12,16,6,8,5,7,0,3,34,3,22,5,0,10,0,1
manhattan_jaspers,1971,791,523,144,550,392,386,102,253,572,18,922,474,2,496,21,32
mansfield_mountaineers,51,13,13,2,28,17,4,1,8,25,2,16,10,0,18,0,1
marist_red_foxes,1626,558,543,131,413,281,319,101,244,450,25,691,279,2,381,8,29
marquette_golden_eagles,1881,813,308,104,435,301,544,93,220,475,17,843,415,0,410,21,31
mars_hill_mountain_lions,152,48,56,15,34,18,23,3,22,71,4,52,23,0,40,0,3
marshall_thundering_herd,1672,626,630,187,485,343,320,60,215,355,14,686,363,1,523,15,28
maryland_eastern_shore_hawks,1542,587,406,106,486,310,312,66,191,410,12,659,407,3,504,11,25
maryland_terrapins,1920,834,546,195,532,401,452,92,270,376,5,697,442,7,443,21,29
massachusetts_minutewomen,1991,873,592,193,515,350,466,86,247,431,12,853,444,1,468,26,32
mayville_st_comets,67,22,26,6,22,15,12,9,6,17,2,34,17,0,16,0,1
mcmurry_war_hawks,43,12,20,6,14,5,7,1,7,25,2,9,8,0,12,0,1
mcneese_cowgirls,1737,677,753,231,540,386,399,55,269,530,12,735,400,5,561,13,28
memphis_tigers,1539,593,444,142,508,361,285,105,185,430,23,686,370,8,423,15,27
mercer_bears,938,413,157,68,232,164,173,71,107,207,6,424,143,1,252,13,16
mercyhurst_lakers,49,15,22,6,16,10,10,0,7,27,2,23,4,0,27,0,1
merrimack_warriors,1550,632,508,169,376,235,350,50,172,447,27,636,297,2,416,9,26
miami_hurricanes,1770,706,616,188,441,305,411,101,288,516,17,765,358,3,538,19,31
miami_oh_redhawks,1865,752,600,175,372,275,393,78,281,516,11,708,366,1,605,8,29
michigan_state_spartans,1705,734,541,192,514,374,497,99,211,432,21,733,340,3,480,15,29
michigan_wolverines,1575,721,398,127,544,409,373,69,183,428,16,730,347,3,433,22,27
mid_atlantic_christian_mustangs,47,14,21,5,7,5,7,0,4,31,2,22,5,0,16,0,1
middle_tennessee_blue_raiders,1809,727,891,294,392,293,380,114,269,391,24,755,322,1,547,23,30
midway_university_midway,49,17,22,6,16,13,8,4,10,33,0,31,8,0,15,0,1
millersville_marauders,92,22,23,4,43,37,13,0,12,56,1,38,16,1,52,0,2
milwaukee_panthers,1588,637,518,148,354,282,389,97,214,487,22,702,325,0,477,13,29
minnesota_golden_gophers,1833,749,668,251,458,347,415,100,192,435,18,757,347,2,494,13,30
minnesota_morris_cougars,48,17,19,4,26,17,6,2,4,22,0,24,8,0,18,0,1
mississippi_state_bulldogs,1795,767,595,190,435,274,375,146,257,331,20,666,331,2,411,14,28
mississippi_valley_state_devilettes,1475,493,529,153,453,284,279,43,212,422,17,524,338,2,469,3,22
missouri_baptist_spartans,111,32,51,11,12,10,19,5,14,46,2,40,16,0,30,0,2
missouri_science_technology_miners,109,47,39,13,14,7,25,5,9,30,1,50,9,0,25,0,2
missouri_state_lady_bears,1947,721,497,131,607,448,397,156,288,406,20,808,489,1,553,24,31
missouri_tigers,1689,763,623,240,469,343,403,56,167,442,28,818,265,3,479,18,30
mobile_rams,119,38,36,5,36,22,19,7,16,40,1,45,26,0,30,0,2
molloy_lions,40,16,14,7,22,12,10,8,6,24,2,31,7,0,19,0,1
monmouth_hawks,1758,664,642,186,392,262,385,108,215,573,23,784,351,1,479,14,30
montana_lady_griz,1744,739,532,175,530,385,383,143,161,421,12,903,333,2,418,19,30
montana_state_billings_yellowjackets,73,26,32,12,22,17,17,1,9,16,1,34,15,0,24,0,1
montana_state_bobcats,2148,821,781,240,638,498,430,71,313,398,12,836,435,0,589,22,34
montevallo_falcons,62,21,25,3,12,5,9,0,11,23,3,24,17,0,11,0,1
montreat_cavaliers,45,9,15,1,10,4,4,1,3,26,4,15,9,0,13,0,1
morehead_state_eagles,1554,554,593,149,314,213,273,91,193,482,22,613,269,2,479,1,28
morgan_state_lady_bears,1397,521,349,91,365,242,233,61,256,374,13,479,379,10,412,15,22
mount_olive_trojans,63,25,15,7,11,8,10,1,10,21,0,15,13,0,23,0,1
mount_st_marys_mountaineers,1518,638,593,210,402,295,333,75,200,448,11,690,249,2,455,16,28
multnomah_university_multnomah,59,23,18,6,13,9,14,2,3,14,0,20,7,0,14,0,1
murray_state_racers,1652,785,456,161,591,473,463,69,154,440,27,881,319,0,340,21,30
navy_midshipmen,1797,640,574,164,397,264,337,72,218,444,18,744,346,4,497,10,31
nc_state_wolfpack,2006,932,642,237,454,343,456,97,233,393,7,965,384,3,422,29,32
nebraska_cornhuskers,2037,913,759,270,578,417,564,123,236,452,12,926,421,4,528,24,32
nelson_lions,127,36,48,14,20,13,15,2,20,42,6,31,14,0,26,0,2
nevada_wolf_pack,1793,729,555,169,399,320,364,52,260,370,13,685,346,0,478,19,29
new_hampshire_wildcats,1495,542,410,96,454,303,286,48,245,483,30,572,338,2,494,7,28
new_mexico_lobos,1868,847,808,280,420,317,487,129,245,408,9,843,263,5,392,22,30
new_mexico_state_aggies,1748,686,411,110,480,323,316,59,239,446,20,661,398,3,568,10,28
new_orleans_privateers,1286,439,427,115,383,259,236,50,212,439,19,517,248,0,476,5,23
niagara_purple_eagles,2005,760,646,173,605,403,387,41,395,608,24,617,455,2,595,15,30
nicholls_colonels,1431,542,335,88,433,315,259,45,207,498,15,621,280,2,438,4,25
njit_highlanders,1562,626,486,137,462,312,288,144,151,534,42,778,299,2,500,15,30
norfolk_state_spartans,1533,571,484,126,464,317,282,111,320,446,14,594,354,18,505,16,26
north_alabama_lions,1678,690,828,283,445,334,444,127,198,465,26,759,255,6,494,13,29
north_carolina_at_aggies,1514,643,389,114,425,297,374,55,221,439,14,590,308,1,389,12,25
north_carolina_central_eagles,1252,415,340,86,438,303,209,56,205,418,11,495,305,6,420,4,20
north_carolina_tar_heels,1788,736,509,161,527,373,382,106,265,372,12,776,400,4,429,21,27
north_dakota_fighting_hawks,1773,713,436,134,478,377,357,113,195,426,19,795,334,1,476,14,29
north_dakota_state_bison,1577,638,602,199,524,387,297,51,189,433,17,706,291,3,501,11,29
north_florida_ospreys,1720,738,667,205,385,286,435,140,238,512,15,833,238,0,527,13,30
north_texas_mean_green,1587,657,469,144,538,359,321,81,174,390,8,707,332,2,430,16,27
northeastern_huskies,1600,652,489,135,388,279,321,67,223,506,20,679,317,0,511,13,28
northern_arizona_lumberjacks,1912,848,504,187,519,375,470,90,248,467,7,810,333,6,559,17,31
northern_colorado_bears,1668,672,626,220,467,352,383,83,224,538,32,820,341,0,472,15,31
northern_illinois_huskies,1794,721,670,213,387,278,343,45,184,438,20,852,357,7,379,14,29
northern_iowa_panthers,1819,755,714,217,508,388,430,134,204,394,18,839,321,1,445,21,31
northern_kentucky_norse,1712,704,605,190,458,320,358,114,240,430,20,761,342,0,410,21,29
northland_lumberjacks,44,8,12,1,4,2,3,0,5,26,1,14,3,0,12,0,1
northwest_nazarene_nighthawks,79,16,32,5,10,9,8,1,9,14,0,27,16,0,20,0,1
northwest_university_eagles,56,10,14,3,16,9,7,2,8,25,2,23,13,0,13,0,1
northwestern_state_lady_demons,1413,530,445,122,453,322,267,70,209,440,9,625,300,5,391,11,24
northwestern_wildcats,1665,648,527,163,487,342,392,133,270,372,9,653,339,1,440,16,27
notre_dame_college_oh_blue_falcons,62,21,20,2,7,4,5,0,5,23,2,19,13,0,18,0,1
notre_dame_fighting_irish,1904,850,526,168,453,323,512,160,265,454,21,847,369,1,392,22,30
notre_dame_of_maryland_university_gators,42,10,10,2,22,13,8,3,6,36,0,19,9,0,12,0,1
oakland_city_mighty_oaks,97,39,40,14,43,27,19,3,15,56,6,45,16,2,42,0,2
oakland_golden_grizzlies,1775,678,630,188,484,334,334,47,223,457,21,694,377,6,516,15,30
oakwood_ambassadors,50,8,8,1,29,15,2,1,11,23,1,17,9,0,24,0,1
ohio_bobcats,1865,758,781,256,548,370,366,74,281,383,14,747,342,2,466,15,29
ohio_christian_trailblazers,63,20,26,6,6,5,9,3,2,22,0,26,9,0,17,0,1
ohio_state_buckeyes,1832,842,646,244,503,368,486,100,257,389,6,772,281,4,475,23,29
oklahoma_sooners,2115,932,862,302,655,500,611,96,312,602,7,932,378,2,615,24,32
oklahoma_state_cowgirls,1772,610,529,153,486,299,336,111,263,419,22,707,365,1,468,9,29
old_dominion_monarchs,1852,738,496,133,587,370,368,120,326,462,17,717,440,6,566,22,31
ole_miss_rebels,1779,745,333,90,556,375,418,128,274,418,16,720,413,9,499,21,29
olivet_comets,36,11,10,3,12,4,8,1,5,41,0,18,5,0,11,0,1
omaha_mavericks,1406,549,373,105,388,285,284,63,202,428,28,626,232,3,444,7,26
oral_roberts_golden_eagles,1819,712,540,154,632,463,371,101,263,460,11,812,342,0,448,16,31
oregon_ducks,1753,759,555,186,478,341,429,119,235,386,15,774,364,2,480,18,29
oregon_state_beavers,1465,603,509,169,390,288,366,129,132,400,19,797,250,2,341,13,26
oregon_tech_hustlin_owls,51,18,13,1,14,11,7,6,4,27,1,30,10,0,14,0,1
pacific_tigers,1812,721,562,178,520,359,413,51,225,487,5,721,292,1,556,6,29
palm_beach_atlantic_sailfish,120,36,26,4,26,17,11,4,12,49,3,44,33,0,40,0,2
park_university_gilbert_buccaneers,159,57,41,14,41,23,31,3,24,95,1,69,29,0,48,0,3
paul_quinn_tigers,112,39,22,6,61,32,24,1,13,55,1,67,22,0,41,0,2
penn_state_lady_lions,1790,770,622,188,426,319,399,128,277,452,18,677,286,2,460,11,29
pennsylvania_quakers,1542,587,565,173,381,273,325,101,203,366,7,677,341,0,374,12,25
pepperdine_waves,1337,537,352,90,301,199,281,88,177,376,7,552,265,4,386,8,23
pfeiffer_falcons,141,32,50,9,22,14,12,1,14,53,0,43,35,0,38,0,2
philander_smith_panthers,57,20,14,2,17,7,9,1,10,16,0,28,10,0,13,0,1
piedmont_lions,63,24,17,9,8,7,15,5,7,25,1,24,14,0,11,0,1
pikeville_bears,101,34,32,8,36,22,19,1,12,41,2,52,22,0,35,0,2
pittsburgh_johnstown_mountain_cats,58,20,15,3,17,8,8,1,9,16,1,19,13,0,21,0,1
pittsburgh_panthers,1772,662,433,127,537,338,342,149,197,538,24,825,452,4,504,11,29
point_park_pioneers,52,17,23,3,7,4,8,2,5,27,2,25,8,0,22,0,1
portland_pilots,1758,770,566,150,526,372,527,146,329,478,21,720,365,2,549,19,29
portland_state_vikings,1650,610,606,178,329,252,326,57,223,428,24,645,288,0,419,4,28
prairie_view_am_lady_panthers,1630,601,492,150,452,313,393,101,265,521,33,685,316,0,543,11,26
presbyterian_blue_hose,1591,650,521,153,477,345,346,72,187,579,20,751,321,0,452,12,30
princeton_tigers,1677,694,484,170,405,302,372,72,277,359,18,700,371,0,431,23,27
providence_friars,1684,665,479,140,470,327,337,174,211,539,25,844,307,0,474,11,30
purdue_boilermakers,1698,716,646,208,405,306,445,113,206,422,12,705,293,0,497,15,28
purdue_fort_wayne_mastodons,1602,611,714,232,281,230,355,73,189,450,20,634,260,2,447,7,28
quincy_hawks,113,38,36,7,17,15,22,1,8,43,3,49,24,0,28,0,2
quinnipiac_bobcats,1897,785,580,182,477,346,421,116,263,490,16,822,395,0,501,20,31
radford_highlanders,1610,640,574,179,357,236,361,81,172,565,19,745,286,5,536,7,29
randolph_college_wildcats,50,12,22,3,4,4,6,1,6,28,2,18,6,0,17,0,1
regis_co_rangers,57,18,17,2,10,8,9,1,5,19,2,27,15,0,6,0,1
rhode_island_rams,1582,684,421,143,410,275,388,85,220,402,22,771,329,3,350,22,28
rice_owls,1500,601,545,161,553,392,328,75,192,455,16,692,334,4,442,14,26
richmond_spiders,1714,760,807,275,439,320,434,159,203,496,22,836,280,0,480,16,30
rider_broncs,1623,638,594,188,393,284,375,133,251,510,34,720,253,2,456,9,30
robert_morris_colonials,1532,577,530,157,323,210,299,57,233,427,30,600,262,2,478,13,28
rutgers_scarlet_knights,1682,683,441,130,469,315,375,111,262,573,43,764,393,3,526,11,31
sacramento_state_hornets,1657,719,622,206,419,300,392,82,169,394,23,748,280,0,452,14,30
sacred_heart_pioneers,1403,528,414,125,392,270,254,61,163,413,16,608,251,1,504,8,25
saint_josephs_hawks,1594,637,522,171,421,303,412,90,189,461,28,688,314,1,442,13,30
saint_louis_billikens,1620,629,422,108,350,249,321,121,187,401,21,751,307,0,347,9,27
saint_marys_gaels,1709,710,617,202,529,380,405,64,168,531,26,797,352,3,529,14,29
saint_peters_peacocks,1782,647,546,142,554,393,354,71,273,605,27,799,428,5,567,13,31
salem_university,75,14,42,10,14,10,7,3,9,14,0,18,10,0,19,0,1
sam_houston_bearkats,1806,717,316,95,708,489,334,85,296,605,18,711,470,3,623,14,30
samford_bulldogs,1582,657,518,157,441,309,367,60,221,529,26,714,301,0,429,12,28
san_diego_state_aztecs,1880,735,553,188,424,284,369,65,223,399,23,834,339,5,523,15,31
san_diego_toreros,1734,698,483,153,561,382,414,67,380,523,20,631,388,2,627,15,29
san_francisco_dons,1819,763,736,242,471,346,431,61,218,421,12,820,227,6,516,16,31
san_jose_state_spartans,1785,648,645,185,452,323,354,95,213,435,16,693,299,7,463,5,30
santa_clara_broncos,1772,741,649,217,533,418,438,75,207,454,18,755,344,2,521,16,30
schreiner_mountaineers,120,35,36,5,32,16,18,4,21,48,1,39,34,0,34,0,2
se_louisiana_lady_lions,1429,583,353,96,421,267,320,65,237,378,11,636,297,6,408,14,25
seattle_u_redhawks,1783,687,641,186,474,319,398,98,267,465,14,778,334,8,520,11,30
seton_hall_pirates,1921,810,645,221,399,307,478,107,233,395,15,809,283,5,408,19,31
shorter_hawks,133,33,32,6,27,23,8,4,10,26,0,48,26,0,36,0,2
siena_saints,1697,631,473,133,442,286,299,84,260,529,22,692,390,3,546,10,29
simpson_college_ia_storm,72,21,27,6,11,9,15,5,10,15,0,21,10,0,14,0,1
simpson_university_ca_red_hawks,131,42,44,11,15,11,30,3,16,34,0,46,26,0,18,0,2
siu_edwardsville_cougars,1918,771,505,156,635,450,470,82,330,613,12,679,426,5,588,13,31
slippery_rock_the_rock,68,20,19,4,15,10,6,2,6,15,0,29,11,0,17,0,1
smu_mustangs,1680,652,339,99,441,295,409,115,208,404,16,755,328,2,421,14,28
sonoma_st_cossacks,54,20,20,8,11,5,12,2,5,16,0,24,8,0,13,0,1
south_alabama_jaguars,1579,573,630,181,421,254,293,53,232,415,23,606,273,5,449,8,26
south_carolina_gamecocks,1908,829,468,148,602,404,440,241,195,454,22,960,517,0,424,29,31
south_carolina_state_lady_bulldogs,852,269,309,73,212,130,131,72,80,343,20,403,160,0,249,2,15
south_carolina_upstate_spartans,1492,694,460,159,370,259,366,63,220,404,20,648,228,0,431,19,27
south_dakota_coyotes,1796,794,576,190,420,316,427,101,270,314,4,728,296,2,456,25,30
south_dakota_state_jackrabbits,1870,893,664,260,442,326,552,134,220,406,21,859,322,0,441,23,32
south_florida_bulls,1789,682,564,165,498,360,446,109,208,452,37,816,447,6,469,24,31
southeast_missouri_state_redhawks,1687,668,451,123,451,304,370,82,244,537,10,665,340,2,527,6,29
southern_illinois_salukis,1677,706,443,132,498,351,416,67,240,396,28,691,371,2,437,21,30
southern_jaguars,1820,666,471,116,470,286,278,60,349,448,24,569,392,5,609,13,29
southern_miss_lady_eagles,1777,767,323,101,544,366,435,95,256,500,17,782,407,0,562,18,30
southern_utah_thunderbirds,1832,766,536,172,568,415,411,143,197,444,14,852,393,5,436,18,30
southern_wesleyan_warriors,66,21,27,9,8,4,10,1,8,23,0,21,7,0,14,0,1
southwestern_assemblies_of_god_lions,117,38,41,8,25,18,23,5,19,47,4,47,23,0,31,0,2
spalding_pelicans,52,17,17,5,12,9,9,2,4,21,1,12,11,0,7,0,1
spring_hill_badgers,60,20,15,3,19,10,8,0,6,20,0,23,12,0,21,0,1
st_andrews_knights,50,12,18,4,7,5,5,1,4,32,2,15,7,0,25,0,1
st_bonaventure_bonnies,1529,600,456,131,433,302,253,104,166,418,22,708,244,2,421,12,28
st_edwards_hilltoppers,103,26,30,4,29,25,11,5,10,49,1,41,21,0,41,0,2
st_francis_brooklyn_terriers,1583,642,552,174,391,289,384,61,209,387,12,624,262,0,383,17,27
st_francis_il_fighting_saints,55,24,19,8,7,5,11,1,9,13,0,17,1,0,11,0,1
st_francis_pa_red_flash,1592,613,443,132,388,269,342,47,143,542,47,735,346,3,446,8,30
st_johns_red_storm,1906,821,734,249,452,342,451,113,173,451,15,783,286,2,413,12,31
st_thomas_minnesota_tommies,1382,549,474,139,317,208,276,57,141,407,29,642,237,0,422,6,25
st_thomas_tx_celts,54,12,24,2,18,12,5,1,5,24,1,21,10,0,20,0,1
stanford_cardinal,1912,859,633,224,507,345,469,185,267,403,18,873,414,0,495,28,31
stanislaus_state_warriors,136,47,36,10,35,22,16,3,10,22,2,56,27,0,26,0,2
stephen_f_austin_ladyjacks,1738,778,618,203,572,401,467,124,356,462,28,703,333,8,495,25,29
stephens,49,9,12,0,21,15,3,0,7,36,2,24,13,0,16,0,1
stetson_hatters,1752,728,522,149,548,378,387,54,284,523,21,846,338,0,481,20,31
stony_brook_seawolves,1666,698,487,150,475,360,368,89,206,417,17,756,349,2,401,23,28
syracuse_orange,1953,765,710,221,383,308,390,58,294,422,6,664,347,7,445,11,29
talladega_tornadoes,138,58,33,11,32,24,38,5,16,33,0,39,20,0,45,0,2
tarleton_state_texans,1555,633,468,145,453,306,357,124,235,470,27,720,305,7,420,16,28
taylor_trojans,59,22,26,7,12,10,13,3,6,23,1,32,13,0,10,0,1
tcu_horned_frogs,1626,603,541,150,482,333,370,70,189,473,13,721,256,2,516,6,28
temple_owls,1604,607,425,103,496,355,360,109,213,499,27,718,365,3,511,13,28
tennessee_lady_volunteers,1971,819,448,136,615,394,454,185,195,533,16,980,506,2,481,23,31
tennessee_southern_firehawks,135,35,37,5,15,13,17,5,10,37,3,48,37,0,24,0,2
tennessee_state_lady_tigers,1800,724,456,114,473,337,350,102,363,580,22,609,359,7,610,11,30
tennessee_tech_golden_eagles,1602,682,558,176,621,437,428,104,202,450,24,732,361,0,439,20,30
tennessee_wesleyan_bulldogs,106,30,43,8,18,10,12,5,11,32,4,38,7,0,22,0,2
texas_am_aggies,1780,727,493,183,521,374,403,118,170,437,9,778,359,2,527,14,29
texas_am_corpus_christi_islanders,1646,661,374,94,608,428,430,94,297,519,12,768,396,0,506,19,29
texas_am_international_dustdevils,61,26,17,6,16,10,11,1,12,20,1,26,13,0,10,1,1
texas_am_kingsville_javelinas,56,20,29,9,13,9,10,4,0,12,0,22,11,0,22,0,1
texas_am_texarkana_eagles,55,21,13,3,13,11,13,4,8,25,1,27,7,2,21,0,1
texas_college_steers,55,11,29,7,13,8,4,0,8,12,2,11,5,2,14,0,1
texas_longhorns,1982,859,433,155,645,451,407,115,321,460,16,735,457,1,593,26,32
texas_lutheran_bulldogs,52,19,21,5,17,7,13,2,7,15,1,16,9,0,28,0,1
texas_southern_tigers,1523,603,468,145,525,365,293,109,235,545,19,624,296,6,452,10,25
texas_state_bobcats,1653,709,519,164,482,332,464,65,228,475,15,729,318,4,473,15,28
texas_tech_lady_raiders,1474,650,340,124,466,339,333,85,163,421,24,668,283,2,452,11,26
texas_wesleyan_rams,61,14,22,4,17,11,6,0,10,23,2,24,15,0,18,0,1
thomas_ga_night_hawks,42,11,11,2,13,7,4,3,3,43,0,26,5,0,26,0,1
toledo_rockets,1802,786,641,202,536,397,429,96,187,382,14,885,354,2,476,26,30
tougaloo_bulldogs,57,16,21,5,10,7,11,0,6,18,1,23,12,0,20,0,1
towson_tigers,2024,810,665,211,574,403,412,140,245,428,11,875,472,19,472,23,30
transylvania_pioneers,57,17,32,7,14,10,8,1,6,22,0,26,10,0,16,0,1
trinity_baptist_eagles,44,8,15,3,22,12,4,1,5,37,3,16,8,0,19,0,1
troy_trojans,2284,878,614,165,730,537,461,151,333,523,4,995,587,10,592,24,31
tulane_green_wave,1726,695,582,175,572,427,428,109,183,422,25,807,396,6,409,19,28
tulsa_golden_hurricane,1569,654,616,221,335,251,398,90,224,319,13,609,260,4,424,16,26
uab_blazers,1577,659,529,156,524,395,359,104,146,457,23,790,340,2,480,14,28
ualbany_great_danes,1621,661,556,188,399,266,399,113,253,516,45,726,380,0,415,22,31
uc_davis_aggies,1455,598,652,215,370,260,394,92,152,437,13,790,250,0,386,15,27
uc_irvine_anteaters,1951,754,708,217,553,420,392,101,301,442,17,790,425,0,551,21,32
uc_merced_bobcats,160,44,69,16,33,18,27,1,16,66,6,58,34,0,45,0,3
uc_riverside_highlanders,1452,536,455,136,415,309,236,50,203,345,14,663,243,1,403,14,25
uc_san_diego_tritons,1611,605,671,216,301,217,379,106,155,401,12,774,281,0,441,13,27
uc_santa_barbara_gauchos,1397,555,495,141,465,336,342,66,180,414,18,693,271,0,385,14,26
ucf_knights,1505,616,305,96,435,310,367,93,304,424,27,639,371,1,369,24,27
ucla_bruins,1502,604,463,153,372,288,344,72,153,330,16,623,299,5,425,13,25
uconn_huskies,1802,882,615,210,386,269,565,142,279,424,17,833,327,1,407,25,30
uic_flames,1316,477,378,100,510,331,259,76,222,467,25,526,220,3,472,2,26
ul_monroe_warhawks,1535,561,298,79,489,323,267,75,224,466,25,598,346,5,497,4,26
umass_lowell_river_hawks,1389,532,409,138,373,253,270,72,190,471,26,576,286,11,444,11,26
umbc_retrievers,1405,518,359,111,349,260,250,24,201,434,30,550,285,0,387,3,26
unc_asheville_bulldogs,1917,745,598,157,481,322,343,35,238,488,17,777,354,5,551,10,32
unc_greensboro_spartans,1439,548,401,104,375,224,249,84,176,442,21,651,331,0,389,9,26
unc_pembroke_braves,58,25,18,6,13,9,17,1,5,12,2,35,7,0,18,1,1
unc_wilmington_seahawks,1470,539,403,123,348,254,273,56,190,471,33,551,298,1,467,3,27
union_ky_bulldogs,60,19,23,4,13,11,12,3,3,37,0,19,19,0,28,0,1
union_ny_garnet_chargers,54,12,14,3,11,10,7,3,2,19,1,20,9,0,13,0,1
university_of_health_sciences_pharmacy_eutectics,45,15,19,4,18,11,9,0,5,20,2,25,6,0,16,0,1
university_of_science_and_arts_drovers,184,58,46,10,45,31,28,11,31,67,2,76,33,0,64,0,3
university_of_the_ozarks_eagles,56,19,18,2,11,9,11,2,4,31,0,28,7,0,14,0,1
university_of_the_southwest_mustangs,56,15,18,4,15,9,5,0,3,18,0,16,5,0,16,0,1
unlv_lady_rebels,1947,881,584,209,604,447,485,65,223,452,9,910,378,9,447,26,32
unt_dallas_trailblazers,55,17,21,6,12,7,7,2,1,19,0,19,12,0,13,0,1
upper_iowa_peacocks,61,18,23,7,13,10,12,0,4,14,0,26,12,0,23,0,1
ursinus_bears,45,9,25,6,8,5,9,1,5,27,3,18,5,0,4,0,1
usc_trojans,1509,602,399,132,457,347,366,169,187,415,21,708,306,4,433,11,26
ut_arlington_mavericks,1625,695,387,107,564,392,420,96,214,381,11,731,290,2,443,20,27
ut_martin_skyhawks,1453,575,513,172,455,347,317,51,274,446,36,648,193,0,468,12,30
ut_rio_grande_valley_vaqueros,1887,729,812,244,438,307,451,90,265,601,20,826,370,2,599,14,33
utah_state_aggies,1902,742,664,197,516,377,426,95,210,501,11,800,373,4,458,11,30
utah_tech_trailblazers,1700,701,882,290,359,250,412,80,162,477,25,869,209,1,449,10,29
utah_utes,1864,807,825,291,578,452,473,87,212,460,28,793,414,10,514,20,31
utah_valley_wolverines,1733,731,566,169,425,334,469,80,179,470,20,864,330,3,475,16,31
utep_miners,1599,632,524,154,583,416,334,53,213,471,9,630,377,2,506,14,28
utsa_roadrunners,1705,564,412,96,514,336,282,89,232,584,32,759,453,6,619,6,29
valley_forge_patriots,50,6,14,1,4,2,1,3,4,26,3,16,4,0,15,0,1
valparaiso_beacons,1503,625,730,241,415,311,356,84,231,477,51,695,156,1,504,11,30
vanderbilt_commodores,1896,753,554,174,479,327,417,60,343,545,26,699,440,3,524,14,32
vcu_rams,1326,508,407,133,371,253,223,78,177,286,14,548,280,0,341,13,23
vermont_catamounts,1666,699,528,169,397,292,425,128,217,423,25,723,288,0,418,19,30
villanova_wildcats,1759,712,709,217,425,326,460,109,227,385,20,752,304,0,438,22,30
virginia_cavaliers,1501,554,399,104,433,274,309,108,195,504,20,614,333,6,523,5,27
virginia_tech_hokies,1803,797,757,275,510,387,457,112,143,412,11,876,289,1,458,23,32
wagner_seahawks,1649,661,376,114,471,321,383,97,262,474,14,662,336,6,531,17,29
wake_forest_demon_deacons,1809,718,550,181,483,333,322,88,199,454,16,780,367,1,495,14,30
warner_pacific_knights,172,62,66,14,19,14,38,3,25,75,3,64,34,0,39,0,3
warner_university_royals,152,47,48,14,47,32,22,6,10,78,5,71,26,0,36,0,3
warren_wilson_owls,60,13,19,4,11,6,7,1,6,24,0,15,9,0,19,0,1
washington_adventist_shock,41,12,6,2,17,8,10,4,2,40,0,33,14,0,17,0,1
washington_huskies,941,400,278,101,236,165,235,74,118,328,28,470,182,0,240,7,18
washington_state_cougars,1693,657,626,201,345,247,387,121,229,403,12,693,324,5,451,19,29
webber_international_warriors,118,35,39,6,38,25,10,7,18,46,0,43,17,0,37,0,2
weber_state_wildcats,1717,685,443,128,645,487,349,90,249,538,17,821,327,6,582,11,31
wesleyan_college_ga_wolves,39,13,16,5,13,8,7,2,3,44,3,16,4,0,9,0,1
west_chester_golden_rams,59,13,17,4,4,1,9,3,8,20,0,26,8,0,16,0,1
west_virginia_mountaineers,1746,702,430,132,471,337,416,136,260,477,15,702,353,5,563,14,28
westcliff_warriors,197,56,43,9,31,19,23,8,18,45,2,69,34,0,31,0,3
western_carolina_catamounts,1520,566,432,109,345,225,287,73,206,535,36,663,333,1,488,6,28
western_illinois_leathernecks,1747,726,765,250,533,351,392,102,236,418,13,793,229,3,396,14,29
western_kentucky_lady_toppers,1745,723,704,218,598,391,410,74,281,540,26,705,400,0,538,17,29
western_michigan_broncos,1719,697,670,215,500,342,371,88,268,452,24,749,257,2,488,16,30
western_new_mexico_mustangs,45,14,19,6,11,6,6,2,3,26,3,21,4,0,18,0,1
western_oregon_wolves,59,14,31,8,5,2,9,4,12,18,1,26,8,0,11,0,1
westminster_ut_griffins,67,32,23,6,13,8,18,1,2,15,1,27,14,0,20,0,1
wichita_state_shockers,1856,718,450,132,470,354,382,115,260,527,14,814,448,4,496,14,30
wiley_wildcats,114,41,25,8,40,28,21,6,19,68,1,52,24,0,43,0,2
william_carey_crusaders,94,20,31,7,30,23,10,0,13,45,1,50,12,0,31,0,2
william_jewell_cardinals,51,9,21,4,8,4,3,3,7,23,2,22,6,0,17,0,1
william_mary_tribe,1440,565,511,162,306,230,374,48,203,526,28,626,235,0,423,8,27
william_peace,40,14,9,2,23,14,6,0,8,32,1,26,9,0,21,0,1
winston_salem_rams,50,16,15,5,22,12,9,2,7,26,2,34,7,0,23,0,1
winthrop_eagles,1555,579,441,116,484,275,317,44,210,655,21,765,307,0,483,6,30
wisconsin_badgers,1571,626,561,178,346,249,381,75,194,441,20,607,255,0,447,8,29
wofford_terriers,1815,680,697,225,384,285,348,66,192,366,16,725,307,3,379,16,28
wright_state_raiders,1443,528,455,130,289,191,230,85,182,325,5,588,234,15,357,4,23
wyoming_cowgirls,1553,610,574,179,379,285,358,62,143,350,24,767,314,1,309,15,27
xavier_la_gold_rush,100,27,24,6,31,25,16,3,16,51,1,46,24,1,45,0,2
xavier_musketeers,1777,701,311,81,519,387,386,89,225,491,16,734,355,2,498,9,30
yale_bulldogs,1525,582,548,168,368,248,369,100,190,501,35,729,320,0,448,16,27
young_harris_college_mountain_lions,54,23,14,5,12,7,11,1,3,18,0,27,4,0,17,0,1
youngstown_state_penguins,1636,660,769,243,472,339,430,68,191,417,36,771,302,2,434,23,29
Grand Total,613387,245720,198857,61203,167802,118290,135350,33200,81584,166322,7214,264301,120168,1000,171349,5219,10438
